GeoFips,Source,GeoName,1948,1949,1950,1951,1952,1953,1954,1955,1956,1957,1958,1959,1960,1961,1962,1963,1964,1965,1966,1967,1968,1969,1970,1971,1972,1973,1974,1975,1976,1977,1978,1979,1980,1981,1982,1983,1984,1985,1986,1987,1988,1989,1990,1991,1992,1993,1994,1995,1996,1997,1998,1999,2000,2001,2002,2003,2004,2005,2006,2007,2008,2009,2010,2011,2012,2013,2014,2015,2016,2017,2018,2019,2020,2021,2022,2023
0,https://apps.bea.gov/iTable/?reqid=70&step=30&isuri=1&major_area=0&area=xx&year=-1&tableid=21&category=421&area_type=0&year_end=-1&classification=non-industry&state=0&statistic=3&yearbegin=-1&unit_of_measure=levels#eyJhcHBpZCI6NzAsInN0ZXBzIjpbMSwyOSwyNSwzMSwyNiwzMCwzMF0sImRhdGEiOltbIm1ham9yX2FyZWEiLCIwIl0sWyJhcmVhIixbIlhYIl1dLFsieWVhciIsWyItMSJdXSxbInRhYmxlaWQiLCIyMSJdLFsieWVhcl9lbmQiLCItMSJdLFsic3RhdGUiLFsiMCJdXSxbInN0YXRpc3RpYyIsIjMiXSxbInllYXJiZWdpbiIsIi0xIl0sWyJ1bml0X29mX21lYXN1cmUiLCJMZXZlbHMiXV19,United States *,1317,1294,1409,1529,1590,1662,1670,1754,1842,1912,1940,2022,2066,2126,2221,2300,2463,2620,2796,2959,3183,3415,3695,3981,4269,4739,5130,5641,6083,6618,7324,8038,8869,9788,10463,11195,12291,12995,13663,14212,15377,16363,17242,17728,18692,19221,19921,20770,21621,22511,23754,24611,26173,27204,28146,29204,30605,31571,33300,34639,35902,35555,36562,37994,39442,39111,40701,42036,42939,44737,47004,48915,52357,56320,56517,61291
1000,https://apps.bea.gov/iTable/?reqid=70&step=30&isuri=1&major_area=0&area=xx&year=-1&tableid=21&category=421&area_type=0&year_end=-1&classification=non-industry&state=0&statistic=3&yearbegin=-1&unit_of_measure=levels#eyJhcHBpZCI6NzAsInN0ZXBzIjpbMSwyOSwyNSwzMSwyNiwzMCwzMF0sImRhdGEiOltbIm1ham9yX2FyZWEiLCIwIl0sWyJhcmVhIixbIlhYIl1dLFsieWVhciIsWyItMSJdXSxbInRhYmxlaWQiLCIyMSJdLFsieWVhcl9lbmQiLCItMSJdLFsic3RhdGUiLFsiMCJdXSxbInN0YXRpc3RpYyIsIjMiXSxbInllYXJiZWdpbiIsIi0xIl0sWyJ1bml0X29mX21lYXN1cmUiLCJMZXZlbHMiXV20,Alabama,830,792,868,993,1051,1101,1085,1209,1283,1341,1375,1426,1448,1484,1545,1625,1755,1874,1981,2096,2282,2515,2781,3032,3303,3677,4019,4460,4896,5324,5928,6491,7084,7808,8313,8886,9764,10384,10941,11419,12383,13366,14174,14880,15813,16281,16981,17754,18333,19057,20103,20648,21527,22243,23193,24330,25962,26961,28086,29148,30060,30104,31090,31757,32495,32393,33344,34531,34912,36166,37639,39010,41829,45709,45782,48945
2000,https://apps.bea.gov/iTable/?reqid=70&step=30&isuri=1&major_area=0&area=xx&year=-1&tableid=21&category=421&area_type=0&year_end=-1&classification=non-industry&state=0&statistic=3&yearbegin=-1&unit_of_measure=levels#eyJhcHBpZCI6NzAsInN0ZXBzIjpbMSwyOSwyNSwzMSwyNiwzMCwzMF0sImRhdGEiOltbIm1ham9yX2FyZWEiLCIwIl0sWyJhcmVhIixbIlhYIl1dLFsieWVhciIsWyItMSJdXSxbInRhYmxlaWQiLCIyMSJdLFsieWVhcl9lbmQiLCItMSJdLFsic3RhdGUiLFsiMCJdXSxbInN0YXRpc3RpYyIsIjMiXSxbInllYXJiZWdpbiIsIi0xIl0sWyJ1bml0X29mX21lYXN1cmUiLCJMZXZlbHMiXV21,Alaska *,(NA),(NA),(NA),(NA),(NA),(NA),(NA),(NA),(NA),(NA),(NA),(NA),3162,3026,3030,3146,3497,3612,3853,4091,4293,4624,5222,5569,5822,6681,7643,9577,10600,10937,11335,11816,13587,14642,16928,17172,17562,18448,18452,17656,18469,19715,20544,21016,21754,22498,23037,23675,24094,25210,26112,26760,28557,29933,31592,33081,34194,35787,37430,39647,43193,43684,45803,48150,49166,47672,50263,51514,50719,51925,54642,55794,57332,60359,62639,65943
4000,https://apps.bea.gov/iTable/?reqid=70&step=30&isuri=1&major_area=0&area=xx&year=-1&tableid=21&category=421&area_type=0&year_end=-1&classification=non-industry&state=0&statistic=3&yearbegin=-1&unit_of_measure=levels#eyJhcHBpZCI6NzAsInN0ZXBzIjpbMSwyOSwyNSwzMSwyNiwzMCwzMF0sImRhdGEiOltbIm1ham9yX2FyZWEiLCIwIl0sWyJhcmVhIixbIlhYIl1dLFsieWVhciIsWyItMSJdXSxbInRhYmxlaWQiLCIyMSJdLFsieWVhcl9lbmQiLCItMSJdLFsic3RhdGUiLFsiMCJdXSxbInN0YXRpc3RpYyIsIjMiXSxbInllYXJiZWdpbiIsIi0xIl0sWyJ1bml0X29mX21lYXN1cmUiLCJMZXZlbHMiXV22,Arizona,1252,1261,1305,1536,1599,1620,1615,1673,1758,1798,1805,1873,1940,1994,2046,2082,2219,2310,2456,2604,2902,3218,3570,3912,4192,4624,4956,5324,5723,6175,6935,7722,8606,9480,9860,10679,11674,12466,13141,13543,14364,14966,15434,15854,16407,16947,17718,18484,19145,20032,21147,21761,22931,23670,24572,25739,27300,28727,30674,31718,32036,30892,31059,31992,33047,33277,34484,35723,36895,38803,40736,42759,46918,50772,51686,56293
5000,https://apps.bea.gov/iTable/?reqid=70&step=30&isuri=1&major_area=0&area=xx&year=-1&tableid=21&category=421&area_type=0&year_end=-1&classification=non-industry&state=0&statistic=3&yearbegin=-1&unit_of_measure=levels#eyJhcHBpZCI6NzAsInN0ZXBzIjpbMSwyOSwyNSwzMSwyNiwzMCwzMF0sImRhdGEiOltbIm1ham9yX2FyZWEiLCIwIl0sWyJhcmVhIixbIlhYIl1dLFsieWVhciIsWyItMSJdXSxbInRhYmxlaWQiLCIyMSJdLFsieWVhcl9lbmQiLCItMSJdLFsic3RhdGUiLFsiMCJdXSxbInN0YXRpc3RpYyIsIjMiXSxbInllYXJiZWdpbiIsIi0xIl0sWyJ1bml0X29mX21lYXN1cmUiLCJMZXZlbHMiXV23,Arkansas,836,781,808,912,979,1012,1025,1127,1171,1190,1242,1329,1314,1418,1464,1533,1668,1755,1925,2043,2184,2399,2623,2893,3178,3676,3993,4355,4726,5183,5912,6355,6776,7669,8003,8543,9528,10065,10588,10900,11747,12539,13137,13802,14831,15291,15942,16653,17394,17981,18836,19433,20168,21202,21949,23360,24746,25469,26599,27920,28916,28802,29569,31103,33084,32791,34570,35424,36198,37340,39144,39700,42969,47663,49139,52282
6000,https://apps.bea.gov/iTable/?reqid=70&step=30&isuri=1&major_area=0&area=xx&year=-1&tableid=21&category=421&area_type=0&year_end=-1&classification=non-industry&state=0&statistic=3&yearbegin=-1&unit_of_measure=levels#eyJhcHBpZCI6NzAsInN0ZXBzIjpbMSwyOSwyNSwzMSwyNiwzMCwzMF0sImRhdGEiOltbIm1ham9yX2FyZWEiLCIwIl0sWyJhcmVhIixbIlhYIl1dLFsieWVhciIsWyItMSJdXSxbInRhYmxlaWQiLCIyMSJdLFsieWVhcl9lbmQiLCItMSJdLFsic3RhdGUiLFsiMCJdXSxbInN0YXRpc3RpYyIsIjMiXSxbInllYXJiZWdpbiIsIi0xIl0sWyJ1bml0X29mX21lYXN1cmUiLCJMZXZlbHMiXV24,California,1632,1647,1779,1933,2028,2082,2080,2208,2323,2394,2418,2535,2602,2654,2759,2850,3053,3187,3397,3578,3832,4105,4430,4701,5013,5477,5998,6602,7121,7699,8509,9410,10439,11510,12157,12901,14028,14748,15460,16009,17190,17850,18709,19273,20121,20414,20888,21682,22544,23262,24763,25769,27424,28677,29843,31148,32732,33772,35966,37131,37601,37290,38364,39963,41887,41447,43466,45853,47720,49753,52048,54899,60053,64402,62606,69140
8000,https://apps.bea.gov/iTable/?reqid=70&step=30&isuri=1&major_area=0&area=xx&year=-1&tableid=21&category=421&area_type=0&year_end=-1&classification=non-industry&state=0&statistic=3&yearbegin=-1&unit_of_measure=levels#eyJhcHBpZCI6NzAsInN0ZXBzIjpbMSwyOSwyNSwzMSwyNiwzMCwzMF0sImRhdGEiOltbIm1ham9yX2FyZWEiLCIwIl0sWyJhcmVhIixbIlhYIl1dLFsieWVhciIsWyItMSJdXSxbInRhYmxlaWQiLCIyMSJdLFsieWVhcl9lbmQiLCItMSJdLFsic3RhdGUiLFsiMCJdXSxbInN0YXRpc3RpYyIsIjMiXSxbInllYXJiZWdpbiIsIi0xIl0sWyJ1bml0X29mX21lYXN1cmUiLCJMZXZlbHMiXV25,Colorado,1363,1359,1455,1698,1755,1697,1690,1784,1854,2006,2039,2139,2184,2255,2314,2377,2520,2664,2812,2951,3137,3409,3800,4160,4452,4923,5396,5939,6385,6904,7733,8548,9590,10700,11417,12352,13341,13941,14406,14732,15671,16688,17460,18130,19052,19891,20694,21883,22858,23760,25540,26610,28739,29944,30322,31014,31909,33187,34870,36275,37580,36237,36522,38647,40250,41359,44034,44772,44521,47191,50732,53664,56981,62204,65296,70179
9000,https://apps.bea.gov/iTable/?reqid=70&step=30&isuri=1&major_area=0&area=xx&year=-1&tableid=21&category=421&area_type=0&year_end=-1&classification=non-industry&state=0&statistic=3&yearbegin=-1&unit_of_measure=levels#eyJhcHBpZCI6NzAsInN0ZXBzIjpbMSwyOSwyNSwzMSwyNiwzMCwzMF0sImRhdGEiOltbIm1ham9yX2FyZWEiLCIwIl0sWyJhcmVhIixbIlhYIl1dLFsieWVhciIsWyItMSJdXSxbInRhYmxlaWQiLCIyMSJdLFsieWVhcl9lbmQiLCItMSJdLFsic3RhdGUiLFsiMCJdXSxbInN0YXRpc3RpYyIsIjMiXSxbInllYXJiZWdpbiIsIi0xIl0sWyJ1bml0X29mX21lYXN1cmUiLCJMZXZlbHMiXV26,Connecticut,1555,1537,1729,1927,2020,2119,2109,2227,2403,2528,2360,2440,2499,2612,2722,2777,2963,3100,3323,3575,3689,4144,4485,4764,5050,5537,6024,6547,6974,7678,8441,9398,10598,11767,12646,13799,15399,16298,17318,18491,20591,22273,23005,23226,24644,25270,25923,27096,27794,28981,30870,32285,34766,36660,37949,38568,40352,41636,44621,47307,50944,52338,53613,54085,54461,51845,53970,55283,56979,58242,61208,62942,65283,68459,69134,76114
10000,https://apps.bea.gov/iTable/?reqid=70&step=30&isuri=1&major_area=0&area=xx&year=-1&tableid=21&category=421&area_type=0&year_end=-1&classification=non-industry&state=0&statistic=3&yearbegin=-1&unit_of_measure=levels#eyJhcHBpZCI6NzAsInN0ZXBzIjpbMSwyOSwyNSwzMSwyNiwzMCwzMF0sImRhdGEiOltbIm1ham9yX2FyZWEiLCIwIl0sWyJhcmVhIixbIlhYIl1dLFsieWVhciIsWyItMSJdXSxbInRhYmxlaWQiLCIyMSJdLFsieWVhcl9lbmQiLCItMSJdLFsic3RhdGUiLFsiMCJdXSxbInN0YXRpc3RpYyIsIjMiXSxbInllYXJiZWdpbiIsIi0xIl0sWyJ1bml0X29mX21lYXN1cmUiLCJMZXZlbHMiXV27,Delaware,1391,1520,1721,1791,1850,1936,1936,2082,2343,2246,2304,2343,2414,2441,2518,2647,2789,3004,3122,3289,3503,3753,3949,4248,4584,5020,5412,5848,6258,6721,7335,7985,9034,9851,10689,11431,12541,13473,14101,15021,16345,17854,18508,19403,19898,20298,20716,21565,22518,22957,25109,26670,29217,32112,33512,34060,34710,34406,35794,36453,36279,37190,37145,39039,39103,38989,40291,41771,42636,44182,46705,47332,48988,52031,54838,58787
11000,https://apps.bea.gov/iTable/?reqid=70&step=30&isuri=1&major_area=0&area=xx&year=-1&tableid=21&category=421&area_type=0&year_end=-1&classification=non-industry&state=0&statistic=3&yearbegin=-1&unit_of_measure=levels#eyJhcHBpZCI6NzAsInN0ZXBzIjpbMSwyOSwyNSwzMSwyNiwzMCwzMF0sImRhdGEiOltbIm1ham9yX2FyZWEiLCIwIl0sWyJhcmVhIixbIlhYIl1dLFsieWVhciIsWyItMSJdXSxbInRhYmxlaWQiLCIyMSJdLFsieWVhcl9lbmQiLCItMSJdLFsic3RhdGUiLFsiMCJdXSxbInN0YXRpc3RpYyIsIjMiXSxbInllYXJiZWdpbiIsIi0xIl0sWyJ1bml0X29mX21lYXN1cmUiLCJMZXZlbHMiXV28,District of Columbia,1937,2085,2218,2275,2348,2307,2345,2334,2538,2615,2671,2699,2702,2838,3003,3174,3417,3706,3860,4159,4429,4289,4832,5482,5973,6362,7040,7803,8307,9191,9880,10479,11388,12072,12953,13820,15020,15864,16628,17359,19451,20771,22493,23978,25424,26661,27352,27978,29265,30525,32269,33392,36365,37650,39006,39835,43265,44991,47151,49912,51376,52307,55444,57947,57885,56871,59757,62941,65669,67462,69518,70144,76320,82036,82046,89538
12000,https://apps.bea.gov/iTable/?reqid=70&step=30&isuri=1&major_area=0&area=xx&year=-1&tableid=21&category=421&area_type=0&year_end=-1&classification=non-industry&state=0&statistic=3&yearbegin=-1&unit_of_measure=levels#eyJhcHBpZCI6NzAsInN0ZXBzIjpbMSwyOSwyNSwzMSwyNiwzMCwzMF0sImRhdGEiOltbIm1ham9yX2FyZWEiLCIwIl0sWyJhcmVhIixbIlhYIl1dLFsieWVhciIsWyItMSJdXSxbInRhYmxlaWQiLCIyMSJdLFsieWVhcl9lbmQiLCItMSJdLFsic3RhdGUiLFsiMCJdXSxbInN0YXRpc3RpYyIsIjMiXSxbInllYXJiZWdpbiIsIi0xIl0sWyJ1bml0X29mX21lYXN1cmUiLCJMZXZlbHMiXV29,Florida,1146,1163,1256,1310,1389,1481,1485,1588,1690,1731,1793,1900,1911,1934,2004,2087,2238,2369,2530,2711,2989,3326,3692,3987,4302,4778,5139,5558,5924,6471,7216,7944,8980,10005,10442,11524,12579,13244,13897,14514,15704,17004,17716,18160,18795,19505,20062,21075,21727,22383,23625,24256,25680,26726,27685,28968,30534,31839,33831,34886,35207,33879,35673,36770,37389,36535,38295,39859,41007,42657,45631,47934,50338,54803,55635,60972
13000,https://apps.bea.gov/iTable/?reqid=70&step=30&isuri=1&major_area=0&area=xx&year=-1&tableid=21&category=421&area_type=0&year_end=-1&classification=non-industry&state=0&statistic=3&yearbegin=-1&unit_of_measure=levels#eyJhcHBpZCI6NzAsInN0ZXBzIjpbMSwyOSwyNSwzMSwyNiwzMCwzMF0sImRhdGEiOltbIm1ham9yX2FyZWEiLCIwIl0sWyJhcmVhIixbIlhYIl1dLFsieWVhciIsWyItMSJdXSxbInRhYmxlaWQiLCIyMSJdLFsieWVhcl9lbmQiLCItMSJdLFsic3RhdGUiLFsiMCJdXSxbInN0YXRpc3RpYyIsIjMiXSxbInllYXJiZWdpbiIsIi0xIl0sWyJ1bml0X29mX21lYXN1cmUiLCJMZXZlbHMiXV30,Georgia,933,923,1027,1151,1209,1264,1250,1363,1430,1448,1496,1563,1587,1636,1719,1829,1954,2116,2296,2490,2671,2889,3153,3439,3730,4159,4479,4869,5297,5726,6365,6900,7588,8426,9046,9763,10907,11612,12435,13017,14065,14867,15682,16236,17170,17742,18599,19555,20497,21165,22597,23501,24815,25745,26745,27670,28812,29696,30641,31299,31329,31160,31536,33092,33557,33413,35232,36838,38002,39782,41666,43248,46100,49481,49281,52880
15000,https://apps.bea.gov/iTable/?reqid=70&step=30&isuri=1&major_area=0&area=xx&year=-1&tableid=21&category=421&area_type=0&year_end=-1&classification=non-industry&state=0&statistic=3&yearbegin=-1&unit_of_measure=levels#eyJhcHBpZCI6NzAsInN0ZXBzIjpbMSwyOSwyNSwzMSwyNiwzMCwzMF0sImRhdGEiOltbIm1ham9yX2FyZWEiLCIwIl0sWyJhcmVhIixbIlhYIl1dLFsieWVhciIsWyItMSJdXSxbInRhYmxlaWQiLCIyMSJdLFsieWVhcl9lbmQiLCItMSJdLFsic3RhdGUiLFsiMCJdXSxbInN0YXRpc3RpYyIsIjMiXSxbInllYXJiZWdpbiIsIi0xIl0sWyJ1bml0X29mX21lYXN1cmUiLCJMZXZlbHMiXV31,Hawaii *,(NA),(NA),(NA),(NA),(NA),(NA),(NA),(NA),(NA),(NA),(NA),(NA),2191,2316,2434,2614,2805,3076,3262,3468,3814,4254,4833,5131,5401,5828,6525,7111,7465,7840,8501,9282,10433,11168,11854,12765,13475,14119,14782,15267,16635,18143,19508,20138,21658,22208,22461,22930,22669,23156,23445,24284,25593,26532,28089,29360,30947,32320,34060,35809,37440,37599,38004,38830,39486,39069,40724,41905,43120,44873,45992,47954,50863,53738,53777,58283
16000,https://apps.bea.gov/iTable/?reqid=70&step=30&isuri=1&major_area=0&area=xx&year=-1&tableid=21&category=421&area_type=0&year_end=-1&classification=non-industry&state=0&statistic=3&yearbegin=-1&unit_of_measure=levels#eyJhcHBpZCI6NzAsInN0ZXBzIjpbMSwyOSwyNSwzMSwyNiwzMCwzMF0sImRhdGEiOltbIm1ham9yX2FyZWEiLCIwIl0sWyJhcmVhIixbIlhYIl1dLFsieWVhciIsWyItMSJdXSxbInRhYmxlaWQiLCIyMSJdLFsieWVhcl9lbmQiLCItMSJdLFsic3RhdGUiLFsiMCJdXSxbInN0YXRpc3RpYyIsIjMiXSxbInllYXJiZWdpbiIsIi0xIl0sWyJ1bml0X29mX21lYXN1cmUiLCJMZXZlbHMiXV32,Idaho,1261,1212,1270,1405,1534,1463,1481,1523,1623,1701,1705,1771,1762,1841,1949,2013,2117,2392,2401,2547,2682,3030,3336,3541,3938,4408,4983,5288,5719,6048,6722,7159,7925,8504,8922,9755,10310,10842,11160,11658,12622,13615,14399,14756,15651,16613,17204,17968,18628,18968,20140,20843,22016,22738,23788,24375,25803,26187,27785,28854,29349,28713,29404,30504,31724,32308,33548,34908,35547,36993,39068,41274,44467,49090,49724,52972
17000,https://apps.bea.gov/iTable/?reqid=70&step=30&isuri=1&major_area=0&area=xx&year=-1&tableid=21&category=421&area_type=0&year_end=-1&classification=non-industry&state=0&statistic=3&yearbegin=-1&unit_of_measure=levels#eyJhcHBpZCI6NzAsInN0ZXBzIjpbMSwyOSwyNSwzMSwyNiwzMCwzMF0sImRhdGEiOltbIm1ham9yX2FyZWEiLCIwIl0sWyJhcmVhIixbIlhYIl1dLFsieWVhciIsWyItMSJdXSxbInRhYmxlaWQiLCIyMSJdLFsieWVhcl9lbmQiLCItMSJdLFsic3RhdGUiLFsiMCJdXSxbInN0YXRpc3RpYyIsIjMiXSxbInllYXJiZWdpbiIsIi0xIl0sWyJ1bml0X29mX21lYXN1cmUiLCJMZXZlbHMiXV33,Illinois,1629,1538,1674,1799,1836,1944,1947,2046,2181,2244,2231,2343,2378,2470,2563,2642,2816,3015,3200,3358,3542,3765,3992,4321,4608,5172,5622,6202,6642,7252,7958,8674,9411,10399,11221,11785,13040,13676,14424,15039,16385,17341,18362,18689,20062,20493,21314,22385,23481,24463,25616,26496,28299,29510,30451,31328,32556,33410,35188,36778,37808,37067,37816,38874,40460,40770,42308,44020,44843,46563,49284,50705,54472,58015,58056,63018
18000,https://apps.bea.gov/iTable/?reqid=70&step=30&isuri=1&major_area=0&area=xx&year=-1&tableid=21&category=421&area_type=0&year_end=-1&classification=non-industry&state=0&statistic=3&yearbegin=-1&unit_of_measure=levels#eyJhcHBpZCI6NzAsInN0ZXBzIjpbMSwyOSwyNSwzMSwyNiwzMCwzMF0sImRhdGEiOltbIm1ham9yX2FyZWEiLCIwIl0sWyJhcmVhIixbIlhYIl1dLFsieWVhciIsWyItMSJdXSxbInRhYmxlaWQiLCIyMSJdLFsieWVhcl9lbmQiLCItMSJdLFsic3RhdGUiLFsiMCJdXSxbInN0YXRpc3RpYyIsIjMiXSxbInllYXJiZWdpbiIsIi0xIl0sWyJ1bml0X29mX21lYXN1cmUiLCJMZXZlbHMiXV34,Indiana,1332,1253,1413,1553,1596,1744,1637,1720,1808,1833,1832,1927,1986,2035,2163,2229,2368,2578,2715,2806,3001,3241,3377,3681,3950,4547,4769,5245,5742,6295,6938,7568,8179,8940,9366,9931,11038,11619,12281,12897,13811,14879,15633,16008,17195,17871,18727,19349,20186,20989,22420,23124,24587,25065,25741,26467,27667,28126,29370,30029,31478,31242,32427,33994,35468,35450,36635,37715,38558,40064,42168,43462,46657,51234,51661,54717
19000,https://apps.bea.gov/iTable/?reqid=70&step=30&isuri=1&major_area=0&area=xx&year=-1&tableid=21&category=421&area_type=0&year_end=-1&classification=non-industry&state=0&statistic=3&yearbegin=-1&unit_of_measure=levels#eyJhcHBpZCI6NzAsInN0ZXBzIjpbMSwyOSwyNSwzMSwyNiwzMCwzMF0sImRhdGEiOltbIm1ham9yX2FyZWEiLCIwIl0sWyJhcmVhIixbIlhYIl1dLFsieWVhciIsWyItMSJdXSxbInRhYmxlaWQiLCIyMSJdLFsieWVhcl9lbmQiLCItMSJdLFsic3RhdGUiLFsiMCJdXSxbInN0YXRpc3RpYyIsIjMiXSxbInllYXJiZWdpbiIsIi0xIl0sWyJ1bml0X29mX21lYXN1cmUiLCJMZXZlbHMiXV35,Iowa,1514,1267,1439,1514,1595,1518,1671,1556,1632,1802,1828,1864,1876,1997,2086,2222,2346,2596,2777,2790,2974,3267,3493,3676,4039,4881,4920,5562,5815,6395,7387,7843,8346,9467,9892,10232,11606,12135,12735,13289,13744,14890,15601,15921,17003,16902,18390,18978,20594,21335,22207,22651,24173,24942,26001,26683,28871,29352,30791,32493,34511,34037,34811,36895,38303,38512,39519,40544,40721,41787,43894,44565,47497,52345,54527,56552
20000,https://apps.bea.gov/iTable/?reqid=70&step=30&isuri=1&major_area=0&area=xx&year=-1&tableid=21&category=421&area_type=0&year_end=-1&classification=non-industry&state=0&statistic=3&yearbegin=-1&unit_of_measure=levels#eyJhcHBpZCI6NzAsInN0ZXBzIjpbMSwyOSwyNSwzMSwyNiwzMCwzMF0sImRhdGEiOltbIm1ham9yX2FyZWEiLCIwIl0sWyJhcmVhIixbIlhYIl1dLFsieWVhciIsWyItMSJdXSxbInRhYmxlaWQiLCIyMSJdLFsieWVhcl9lbmQiLCItMSJdLFsic3RhdGUiLFsiMCJdXSxbInN0YXRpc3RpYyIsIjMiXSxbInllYXJiZWdpbiIsIi0xIl0sWyJ1bml0X29mX21lYXN1cmUiLCJMZXZlbHMiXV36,Kansas,1232,1218,1375,1475,1681,1600,1675,1639,1706,1790,1947,1951,1991,2051,2110,2162,2330,2486,2633,2755,2948,3226,3510,3867,4252,4814,5138,5656,6082,6537,7161,8048,8755,9751,10547,11155,12303,12879,13582,13965,14662,15349,16315,16840,17960,18567,19190,19743,20820,21797,22874,23438,24519,25399,26072,27082,27766,28908,31484,33334,36471,35876,36135,38606,40541,40946,41501,41719,41866,43314,45114,46703,49518,52416,54406,59102
21000,https://apps.bea.gov/iTable/?reqid=70&step=30&isuri=1&major_area=0&area=xx&year=-1&tableid=21&category=421&area_type=0&year_end=-1&classification=non-industry&state=0&statistic=3&yearbegin=-1&unit_of_measure=levels#eyJhcHBpZCI6NzAsInN0ZXBzIjpbMSwyOSwyNSwzMSwyNiwzMCwzMF0sImRhdGEiOltbIm1ham9yX2FyZWEiLCIwIl0sWyJhcmVhIixbIlhYIl1dLFsieWVhciIsWyItMSJdXSxbInRhYmxlaWQiLCIyMSJdLFsieWVhcl9lbmQiLCItMSJdLFsic3RhdGUiLFsiMCJdXSxbInN0YXRpc3RpYyIsIjMiXSxbInllYXJiZWdpbiIsIi0xIl0sWyJ1bml0X29mX21lYXN1cmUiLCJMZXZlbHMiXV37,Kentucky,934,885,932,1078,1137,1202,1194,1245,1315,1351,1415,1470,1494,1593,1666,1745,1811,1953,2107,2274,2444,2669,2896,3116,3361,3780,4121,4517,4938,5425,5962,6631,7211,7957,8471,8830,9944,10330,10640,11162,12237,13071,13786,14535,15463,15853,16458,17011,17847,18710,19587,20243,21739,22379,23224,23938,25319,26110,27316,28111,29309,29360,30208,31242,32256,32120,33398,34604,35054,36142,37432,39013,42646,46700,46545,49744
22000,https://apps.bea.gov/iTable/?reqid=70&step=30&isuri=1&major_area=0&area=xx&year=-1&tableid=21&category=421&area_type=0&year_end=-1&classification=non-industry&state=0&statistic=3&yearbegin=-1&unit_of_measure=levels#eyJhcHBpZCI6NzAsInN0ZXBzIjpbMSwyOSwyNSwzMSwyNiwzMCwzMF0sImRhdGEiOltbIm1ham9yX2FyZWEiLCIwIl0sWyJhcmVhIixbIlhYIl1dLFsieWVhciIsWyItMSJdXSxbInRhYmxlaWQiLCIyMSJdLFsieWVhcl9lbmQiLCItMSJdLFsic3RhdGUiLFsiMCJdXSxbInN0YXRpc3RpYyIsIjMiXSxbInllYXJiZWdpbiIsIi0xIl0sWyJ1bml0X29mX21lYXN1cmUiLCJMZXZlbHMiXV38,Louisiana,942,1011,1058,1135,1188,1252,1251,1299,1394,1500,1530,1553,1566,1616,1677,1762,1865,1994,2140,2334,2521,2655,2893,3107,3330,3701,4135,4627,5077,5563,6227,6895,7749,8730,9393,9834,10488,10897,11056,11213,12055,12805,13869,14561,15502,16155,17059,17729,18247,18972,19854,20293,21391,22933,23928,24818,25835,27607,30569,32616,34439,33867,35121,35738,37094,37138,38502,38554,38154,39588,41612,42873,46405,50274,49913,53626
23000,https://apps.bea.gov/iTable/?reqid=70&step=30&isuri=1&major_area=0&area=xx&year=-1&tableid=21&category=421&area_type=0&year_end=-1&classification=non-industry&state=0&statistic=3&yearbegin=-1&unit_of_measure=levels#eyJhcHBpZCI6NzAsInN0ZXBzIjpbMSwyOSwyNSwzMSwyNiwzMCwzMF0sImRhdGEiOltbIm1ham9yX2FyZWEiLCIwIl0sWyJhcmVhIixbIlhYIl1dLFsieWVhciIsWyItMSJdXSxbInRhYmxlaWQiLCIyMSJdLFsieWVhcl9lbmQiLCItMSJdLFsic3RhdGUiLFsiMCJdXSxbInN0YXRpc3RpYyIsIjMiXSxbInllYXJiZWdpbiIsIi0xIl0sWyJ1bml0X29mX21lYXN1cmUiLCJMZXZlbHMiXV39,Maine,1184,1141,1153,1255,1352,1369,1393,1526,1586,1638,1713,1770,1825,1812,1878,1952,2125,2286,2420,2515,2673,2913,3225,3450,3690,4064,4462,4815,5381,5773,6282,6870,7682,8347,8984,9746,10699,11444,12246,12942,14134,15218,15751,16087,16890,17404,18042,18815,19655,20567,21790,22635,23993,25272,26448,27812,29098,29362,30595,31600,33073,33916,34735,35745,36213,35883,36986,38404,39443,41146,43021,44759,48843,52682,53812,58110
24000,https://apps.bea.gov/iTable/?reqid=70&step=30&isuri=1&major_area=0&area=xx&year=-1&tableid=21&category=421&area_type=0&year_end=-1&classification=non-industry&state=0&statistic=3&yearbegin=-1&unit_of_measure=levels#eyJhcHBpZCI6NzAsInN0ZXBzIjpbMSwyOSwyNSwzMSwyNiwzMCwzMF0sImRhdGEiOltbIm1ham9yX2FyZWEiLCIwIl0sWyJhcmVhIixbIlhYIl1dLFsieWVhciIsWyItMSJdXSxbInRhYmxlaWQiLCIyMSJdLFsieWVhcl9lbmQiLCItMSJdLFsic3RhdGUiLFsiMCJdXSxbInN0YXRpc3RpYyIsIjMiXSxbInllYXJiZWdpbiIsIi0xIl0sWyJ1bml0X29mX21lYXN1cmUiLCJMZXZlbHMiXV40,Maryland,1392,1395,1541,1660,1765,1852,1815,1906,2014,2105,2070,2110,2178,2287,2377,2445,2622,2762,2926,3125,3310,3742,4165,4559,4854,5343,5749,6290,6823,7290,8050,8763,9798,10695,11618,12533,13695,14751,15690,16383,17937,18928,19835,20451,21295,21899,22629,23306,24055,24768,26691,27950,30019,31389,32956,34399,36402,37606,39102,40301,42392,42894,43933,45329,45979,44886,45866,47362,48733,50294,51864,53026,56224,59434,59590,64681
25000,https://apps.bea.gov/iTable/?reqid=70&step=30&isuri=1&major_area=0&area=xx&year=-1&tableid=21&category=421&area_type=0&year_end=-1&classification=non-industry&state=0&statistic=3&yearbegin=-1&unit_of_measure=levels#eyJhcHBpZCI6NzAsInN0ZXBzIjpbMSwyOSwyNSwzMSwyNiwzMCwzMF0sImRhdGEiOltbIm1ham9yX2FyZWEiLCIwIl0sWyJhcmVhIixbIlhYIl1dLFsieWVhciIsWyItMSJdXSxbInRhYmxlaWQiLCIyMSJdLFsieWVhcl9lbmQiLCItMSJdLFsic3RhdGUiLFsiMCJdXSxbInN0YXRpc3RpYyIsIjMiXSxbInllYXJiZWdpbiIsIi0xIl0sWyJ1bml0X29mX21lYXN1cmUiLCJMZXZlbHMiXV41,Massachusetts,1383,1368,1537,1651,1694,1750,1768,1873,1990,2085,2097,2179,2229,2335,2435,2498,2658,2804,2974,3190,3416,3627,3941,4243,4492,4897,5279,5779,6185,6710,7388,8147,9137,10047,11136,12093,13594,14514,15526,16562,18412,19287,19862,20345,21351,22013,22909,23918,24987,26016,27143,28655,30947,32755,33862,34822,36660,37803,40412,41770,43818,44801,46212,47171,48671,47547,48990,51660,53559,55814,58718,61259,66215,70094,69440,76107
26000,https://apps.bea.gov/iTable/?reqid=70&step=30&isuri=1&major_area=0&area=xx&year=-1&tableid=21&category=421&area_type=0&year_end=-1&classification=non-industry&state=0&statistic=3&yearbegin=-1&unit_of_measure=levels#eyJhcHBpZCI6NzAsInN0ZXBzIjpbMSwyOSwyNSwzMSwyNiwzMCwzMF0sImRhdGEiOltbIm1ham9yX2FyZWEiLCIwIl0sWyJhcmVhIixbIlhYIl1dLFsieWVhciIsWyItMSJdXSxbInRhYmxlaWQiLCIyMSJdLFsieWVhcl9lbmQiLCItMSJdLFsic3RhdGUiLFsiMCJdXSxbInN0YXRpc3RpYyIsIjMiXSxbInllYXJiZWdpbiIsIi0xIl0sWyJ1bml0X29mX21lYXN1cmUiLCJMZXZlbHMiXV42,Michigan,1416,1403,1570,1687,1743,1917,1841,1988,2012,2046,2016,2095,2148,2158,2280,2388,2608,2823,3006,3086,3325,3519,3656,3982,4319,4828,5170,5629,6176,6848,7527,8199,8900,9521,10098,10809,11941,12831,13586,13933,14945,15962,16691,17010,17960,18629,19847,20734,21495,22276,23429,24498,26131,26699,27173,28054,28939,29372,30012,30838,31942,31388,32498,33962,35103,34957,36347,38076,38881,40100,41963,43307,47587,50744,50554,54612
27000,https://apps.bea.gov/iTable/?reqid=70&step=30&isuri=1&major_area=0&area=xx&year=-1&tableid=21&category=421&area_type=0&year_end=-1&classification=non-industry&state=0&statistic=3&yearbegin=-1&unit_of_measure=levels#eyJhcHBpZCI6NzAsInN0ZXBzIjpbMSwyOSwyNSwzMSwyNiwzMCwzMF0sImRhdGEiOltbIm1ham9yX2FyZWEiLCIwIl0sWyJhcmVhIixbIlhYIl1dLFsieWVhciIsWyItMSJdXSxbInRhYmxlaWQiLCIyMSJdLFsieWVhcl9lbmQiLCItMSJdLFsic3RhdGUiLFsiMCJdXSxbInN0YXRpc3RpYyIsIjMiXSxbInllYXJiZWdpbiIsIi0xIl0sWyJ1bml0X29mX21lYXN1cmUiLCJMZXZlbHMiXV43,Minnesota,1331,1236,1336,1445,1468,1547,1583,1640,1671,1755,1839,1874,1948,2023,2096,2220,2317,2526,2701,2859,3092,3331,3632,3880,4139,4891,5146,5571,5936,6630,7354,8029,8864,9717,10426,11023,12570,13274,14016,14666,15335,16562,17336,17791,18819,19069,20182,21006,22135,23094,24783,25906,27520,28635,29564,31084,32902,33137,34321,35867,37341,36641,37885,39696,41710,41132,42752,44162,44687,46524,48869,50294,53701,58535,59334,63250
28000,https://apps.bea.gov/iTable/?reqid=70&step=30&isuri=1&major_area=0&area=xx&year=-1&tableid=21&category=421&area_type=0&year_end=-1&classification=non-industry&state=0&statistic=3&yearbegin=-1&unit_of_measure=levels#eyJhcHBpZCI6NzAsInN0ZXBzIjpbMSwyOSwyNSwzMSwyNiwzMCwzMF0sImRhdGEiOltbIm1ham9yX2FyZWEiLCIwIl0sWyJhcmVhIixbIlhYIl1dLFsieWVhciIsWyItMSJdXSxbInRhYmxlaWQiLCIyMSJdLFsieWVhcl9lbmQiLCItMSJdLFsic3RhdGUiLFsiMCJdXSxbInN0YXRpc3RpYyIsIjMiXSxbInllYXJiZWdpbiIsIi0xIl0sWyJ1bml0X29mX21lYXN1cmUiLCJMZXZlbHMiXV44,Mississippi,761,678,745,818,866,899,891,1012,1009,1021,1108,1190,1174,1270,1294,1419,1482,1601,1732,1890,2065,2279,2488,2746,3029,3421,3677,4015,4461,4919,5355,5981,6460,7163,7644,7934,8668,9088,9448,9956,10747,11577,12163,12782,13626,14293,15218,15871,16630,17367,18195,18643,19541,20625,21303,22222,23561,24729,25499,27004,28099,28153,28902,30068,30924,31236,31849,32163,32620,33647,34784,36104,39375,43249,42805,45805
29000,https://apps.bea.gov/iTable/?reqid=70&step=30&isuri=1&major_area=0&area=xx&year=-1&tableid=21&category=421&area_type=0&year_end=-1&classification=non-industry&state=0&statistic=3&yearbegin=-1&unit_of_measure=levels#eyJhcHBpZCI6NzAsInN0ZXBzIjpbMSwyOSwyNSwzMSwyNiwzMCwzMF0sImRhdGEiOltbIm1ham9yX2FyZWEiLCIwIl0sWyJhcmVhIixbIlhYIl1dLFsieWVhciIsWyItMSJdXSxbInRhYmxlaWQiLCIyMSJdLFsieWVhcl9lbmQiLCItMSJdLFsic3RhdGUiLFsiMCJdXSxbInN0YXRpc3RpYyIsIjMiXSxbInllYXJiZWdpbiIsIi0xIl0sWyJ1bml0X29mX21lYXN1cmUiLCJMZXZlbHMiXV45,Missouri,1266,1227,1324,1413,1487,1559,1580,1660,1737,1774,1897,1971,1984,2040,2138,2219,2354,2528,2666,2825,3086,3163,3471,3750,4003,4473,4737,5248,5667,6250,6869,7592,8190,9075,9664,10515,11628,12340,12948,13457,14316,15238,15819,16530,17448,18029,18879,19638,20480,21434,22247,22913,24288,24979,26008,27126,28465,28956,30225,31253,32963,33128,33719,34639,36101,35887,36948,37867,38911,39922,41810,43331,47025,50499,51547,55935
30000,https://apps.bea.gov/iTable/?reqid=70&step=30&isuri=1&major_area=0&area=xx&year=-1&tableid=21&category=421&area_type=0&year_end=-1&classification=non-industry&state=0&statistic=3&yearbegin=-1&unit_of_measure=levels#eyJhcHBpZCI6NzAsInN0ZXBzIjpbMSwyOSwyNSwzMSwyNiwzMCwzMF0sImRhdGEiOltbIm1ham9yX2FyZWEiLCIwIl0sWyJhcmVhIixbIlhYIl1dLFsieWVhciIsWyItMSJdXSxbInRhYmxlaWQiLCIyMSJdLFsieWVhcl9lbmQiLCItMSJdLFsic3RhdGUiLFsiMCJdXSxbInN0YXRpc3RpYyIsIjMiXSxbInllYXJiZWdpbiIsIi0xIl0sWyJ1bml0X29mX21lYXN1cmUiLCJMZXZlbHMiXV46,Montana,1503,1323,1560,1667,1675,1661,1636,1763,1794,1836,1943,1866,1933,1878,2223,2181,2245,2398,2556,2620,2750,2980,3339,3549,4022,4594,4909,5365,5639,5956,6908,7276,8043,9093,9583,9999,10508,10647,11298,11582,11962,13106,13808,14650,15203,16097,16149,16742,17292,17886,19018,19207,20277,21108,22052,23718,25527,26892,28551,30087,31812,31475,32946,34553,36292,35947,37301,38330,38583,40536,42372,44295,47746,51683,52721,57099
31000,https://apps.bea.gov/iTable/?reqid=70&step=30&isuri=1&major_area=0&area=xx&year=-1&tableid=21&category=421&area_type=0&year_end=-1&classification=non-industry&state=0&statistic=3&yearbegin=-1&unit_of_measure=levels#eyJhcHBpZCI6NzAsInN0ZXBzIjpbMSwyOSwyNSwzMSwyNiwzMCwzMF0sImRhdGEiOltbIm1ham9yX2FyZWEiLCIwIl0sWyJhcmVhIixbIlhYIl1dLFsieWVhciIsWyItMSJdXSxbInRhYmxlaWQiLCIyMSJdLFsieWVhcl9lbmQiLCItMSJdLFsic3RhdGUiLFsiMCJdXSxbInN0YXRpc3RpYyIsIjMiXSxbInllYXJiZWdpbiIsIi0xIl0sWyJ1bml0X29mX21lYXN1cmUiLCJMZXZlbHMiXV47,Nebraska,1431,1269,1482,1522,1644,1544,1650,1554,1569,1847,1929,1927,2005,1996,2165,2201,2282,2537,2729,2809,2952,3220,3468,3833,4131,4798,4906,5693,5901,6291,7287,7751,8244,9614,10160,10768,12079,12757,13213,13794,14741,15511,16525,17046,17946,18357,19346,20105,21654,21933,23220,24164,25384,26657,27510,29397,30527,31085,31989,34040,36096,36123,37520,41492,41952,41178,43146,44541,43540,44422,46398,48106,51158,56771,59008,64211
32000,https://apps.bea.gov/iTable/?reqid=70&step=30&isuri=1&major_area=0&area=xx&year=-1&tableid=21&category=421&area_type=0&year_end=-1&classification=non-industry&state=0&statistic=3&yearbegin=-1&unit_of_measure=levels#eyJhcHBpZCI6NzAsInN0ZXBzIjpbMSwyOSwyNSwzMSwyNiwzMCwzMF0sImRhdGEiOltbIm1ham9yX2FyZWEiLCIwIl0sWyJhcmVhIixbIlhYIl1dLFsieWVhciIsWyItMSJdXSxbInRhYmxlaWQiLCIyMSJdLFsieWVhcl9lbmQiLCItMSJdLFsic3RhdGUiLFsiMCJdXSxbInN0YXRpc3RpYyIsIjMiXSxbInllYXJiZWdpbiIsIi0xIl0sWyJ1bml0X29mX21lYXN1cmUiLCJMZXZlbHMiXV48,Nevada,1610,1707,1884,2055,2178,2287,2244,2367,2328,2400,2467,2622,2730,2771,2975,2941,3040,3130,3279,3451,3802,4068,4615,4945,5225,5703,6006,6692,7184,7873,8883,9593,10545,11411,11828,12426,13200,13845,14468,15021,16235,17276,18023,18862,19972,20604,21541,22447,23308,24114,25555,26453,27743,28441,28757,29853,31486,33539,34940,35362,34684,33092,34194,35183,36057,35223,36999,39238,39693,42037,44143,46751,49128,53557,53659,58565
33000,https://apps.bea.gov/iTable/?reqid=70&step=30&isuri=1&major_area=0&area=xx&year=-1&tableid=21&category=421&area_type=0&year_end=-1&classification=non-industry&state=0&statistic=3&yearbegin=-1&unit_of_measure=levels#eyJhcHBpZCI6NzAsInN0ZXBzIjpbMSwyOSwyNSwzMSwyNiwzMCwzMF0sImRhdGEiOltbIm1ham9yX2FyZWEiLCIwIl0sWyJhcmVhIixbIlhYIl1dLFsieWVhciIsWyItMSJdXSxbInRhYmxlaWQiLCIyMSJdLFsieWVhcl9lbmQiLCItMSJdLFsic3RhdGUiLFsiMCJdXSxbInN0YXRpc3RpYyIsIjMiXSxbInllYXJiZWdpbiIsIi0xIl0sWyJ1bml0X29mX21lYXN1cmUiLCJMZXZlbHMiXV49,New Hampshire,1212,1214,1277,1397,1455,1509,1594,1704,1771,1864,1875,1988,2036,2119,2210,2235,2401,2527,2716,2897,3124,3401,3520,3789,4025,4475,4812,5227,5748,6284,7008,7848,8888,9896,10885,11835,13142,14085,15046,16096,17451,18342,18455,19294,20090,20444,21597,22537,23289,24482,26587,27743,30496,32264,33313,33969,35869,36527,38576,39723,41027,41593,43139,44567,46246,45498,46708,48388,49566,51775,54331,57429,60778,65102,64402,69821
34000,https://apps.bea.gov/iTable/?reqid=70&step=30&isuri=1&major_area=0&area=xx&year=-1&tableid=21&category=421&area_type=0&year_end=-1&classification=non-industry&state=0&statistic=3&yearbegin=-1&unit_of_measure=levels#eyJhcHBpZCI6NzAsInN0ZXBzIjpbMSwyOSwyNSwzMSwyNiwzMCwzMF0sImRhdGEiOltbIm1ham9yX2FyZWEiLCIwIl0sWyJhcmVhIixbIlhYIl1dLFsieWVhciIsWyItMSJdXSxbInRhYmxlaWQiLCIyMSJdLFsieWVhcl9lbmQiLCItMSJdLFsic3RhdGUiLFsiMCJdXSxbInN0YXRpc3RpYyIsIjMiXSxbInllYXJiZWdpbiIsIi0xIl0sWyJ1bml0X29mX21lYXN1cmUiLCJMZXZlbHMiXV50,New Jersey,1511,1505,1669,1809,1891,1996,2010,2078,2200,2295,2201,2321,2400,2457,2594,2655,2843,2983,3188,3372,3627,3982,4313,4658,4959,5442,5886,6445,6921,7490,8274,9069,10181,11279,12158,13224,14585,15395,16338,17270,19155,20533,21557,21949,23396,23880,24417,25762,26817,28054,29365,30230,32751,33807,35111,36146,37666,38347,40904,42774,44165,44210,45092,46108,47568,46895,48634,50078,51335,53134,55615,58464,61563,65710,65139,71166
35000,https://apps.bea.gov/iTable/?reqid=70&step=30&isuri=1&major_area=0&area=xx&year=-1&tableid=21&category=421&area_type=0&year_end=-1&classification=non-industry&state=0&statistic=3&yearbegin=-1&unit_of_measure=levels#eyJhcHBpZCI6NzAsInN0ZXBzIjpbMSwyOSwyNSwzMSwyNiwzMCwzMF0sImRhdGEiOltbIm1ham9yX2FyZWEiLCIwIl0sWyJhcmVhIixbIlhYIl1dLFsieWVhciIsWyItMSJdXSxbInRhYmxlaWQiLCIyMSJdLFsieWVhcl9lbmQiLCItMSJdLFsic3RhdGUiLFsiMCJdXSxbInN0YXRpc3RpYyIsIjMiXSxbInllYXJiZWdpbiIsIi0xIl0sWyJ1bml0X29mX21lYXN1cmUiLCJMZXZlbHMiXV51,New Mexico,1070,1106,1172,1287,1355,1396,1431,1502,1575,1668,1785,1841,1829,1892,1932,1979,2083,2180,2302,2395,2597,2787,3081,3363,3668,4016,4391,4955,5323,5802,6435,7078,7781,8532,9116,9825,10580,11258,11564,11756,12368,13063,13787,14495,15186,15879,16452,17310,17761,18313,19021,19142,20534,21832,22892,23883,25090,26117,27450,28578,30431,30295,31133,32176,32806,31690,33558,34304,35008,35739,37527,39424,42968,46609,47641,49969
36000,https://apps.bea.gov/iTable/?reqid=70&step=30&isuri=1&major_area=0&area=xx&year=-1&tableid=21&category=421&area_type=0&year_end=-1&classification=non-industry&state=0&statistic=3&yearbegin=-1&unit_of_measure=levels#eyJhcHBpZCI6NzAsInN0ZXBzIjpbMSwyOSwyNSwzMSwyNiwzMCwzMF0sImRhdGEiOltbIm1ham9yX2FyZWEiLCIwIl0sWyJhcmVhIixbIlhYIl1dLFsieWVhciIsWyItMSJdXSxbInRhYmxlaWQiLCIyMSJdLFsieWVhcl9lbmQiLCItMSJdLFsic3RhdGUiLFsiMCJdXSxbInN0YXRpc3RpYyIsIjMiXSxbInllYXJiZWdpbiIsIi0xIl0sWyJ1bml0X29mX21lYXN1cmUiLCJMZXZlbHMiXV52,New York,1587,1567,1680,1766,1792,1872,1921,2026,2128,2223,2291,2398,2478,2543,2649,2742,2948,3097,3284,3496,3807,3896,4228,4564,4833,5217,5640,6194,6550,7088,7741,8442,9414,10386,11253,12292,13564,14396,15326,16087,17852,19135,20646,20675,21700,22059,22636,23718,24655,25765,26876,28101,29930,30598,31703,32400,33663,34473,36589,38820,39676,40661,41862,43134,44938,44153,45276,46709,48772,51954,53643,55626,59792,63146,62031,68435
37000,https://apps.bea.gov/iTable/?reqid=70&step=30&isuri=1&major_area=0&area=xx&year=-1&tableid=21&category=421&area_type=0&year_end=-1&classification=non-industry&state=0&statistic=3&yearbegin=-1&unit_of_measure=levels#eyJhcHBpZCI6NzAsInN0ZXBzIjpbMSwyOSwyNSwzMSwyNiwzMCwzMF0sImRhdGEiOltbIm1ham9yX2FyZWEiLCIwIl0sWyJhcmVhIixbIlhYIl1dLFsieWVhciIsWyItMSJdXSxbInRhYmxlaWQiLCIyMSJdLFsieWVhcl9lbmQiLCItMSJdLFsic3RhdGUiLFsiMCJdXSxbInN0YXRpc3RpYyIsIjMiXSxbInllYXJiZWdpbiIsIi0xIl0sWyJ1bml0X29mX21lYXN1cmUiLCJMZXZlbHMiXV53,North Carolina,943,923,1032,1131,1156,1204,1237,1302,1364,1344,1425,1481,1517,1576,1668,1737,1880,1989,2182,2335,2516,2772,3008,3238,3550,3986,4306,4723,5128,5520,6125,6638,7321,8146,8754,9412,10521,11172,11913,12543,13695,14646,15421,15937,17089,17806,18498,19358,20203,21142,22021,22717,23734,24111,24689,25721,27534,28723,30355,31777,33713,32788,32610,33078,35088,33955,35572,36833,37626,39223,41020,42995,46306,50510,51188,54995
38000,https://apps.bea.gov/iTable/?reqid=70&step=30&isuri=1&major_area=0&area=xx&year=-1&tableid=21&category=421&area_type=0&year_end=-1&classification=non-industry&state=0&statistic=3&yearbegin=-1&unit_of_measure=levels#eyJhcHBpZCI6NzAsInN0ZXBzIjpbMSwyOSwyNSwzMSwyNiwzMCwzMF0sImRhdGEiOltbIm1ham9yX2FyZWEiLCIwIl0sWyJhcmVhIixbIlhYIl1dLFsieWVhciIsWyItMSJdXSxbInRhYmxlaWQiLCIyMSJdLFsieWVhcl9lbmQiLCItMSJdLFsic3RhdGUiLFsiMCJdXSxbInN0YXRpc3RpYyIsIjMiXSxbInllYXJiZWdpbiIsIi0xIl0sWyJ1bml0X29mX21lYXN1cmUiLCJMZXZlbHMiXV54,North Dakota,1357,1155,1317,1374,1248,1270,1321,1448,1500,1541,1790,1622,1764,1593,2268,2072,2051,2402,2422,2489,2624,2889,3088,3573,4215,5880,5635,5881,5704,5918,7398,7566,7083,9225,10034,10513,11320,11778,12143,12560,11660,13277,14590,14817,16246,16286,17663,17502,19582,19050,21017,21352,23329,23824,24881,27410,27684,29101,30086,32976,36851,36878,40260,43876,50127,48021,50091,47194,46154,46788,50261,51347,55338,59738,63600,65240
39000,https://apps.bea.gov/iTable/?reqid=70&step=30&isuri=1&major_area=0&area=xx&year=-1&tableid=21&category=421&area_type=0&year_end=-1&classification=non-industry&state=0&statistic=3&yearbegin=-1&unit_of_measure=levels#eyJhcHBpZCI6NzAsInN0ZXBzIjpbMSwyOSwyNSwzMSwyNiwzMCwzMF0sImRhdGEiOltbIm1ham9yX2FyZWEiLCIwIl0sWyJhcmVhIixbIlhYIl1dLFsieWVhciIsWyItMSJdXSxbInRhYmxlaWQiLCIyMSJdLFsieWVhcl9lbmQiLCItMSJdLFsic3RhdGUiLFsiMCJdXSxbInN0YXRpc3RpYyIsIjMiXSxbInllYXJiZWdpbiIsIi0xIl0sWyJ1bml0X29mX21lYXN1cmUiLCJMZXZlbHMiXV55,Ohio,1397,1337,1479,1636,1686,1776,1773,1865,1945,2002,1968,2083,2139,2167,2258,2336,2505,2659,2850,2959,3194,3432,3640,3911,4173,4626,5051,5444,5945,6530,7180,7872,8650,9359,9945,10563,11722,12415,13027,13454,14506,15478,16379,16707,17683,18243,19142,19908,20599,21659,22760,23410,24546,25290,26111,27116,28161,28711,29981,31114,32431,32281,33042,34803,36040,36225,37631,38875,39587,41083,42847,44178,47622,51301,51077,54915
40000,https://apps.bea.gov/iTable/?reqid=70&step=30&isuri=1&major_area=0&area=xx&year=-1&tableid=21&category=421&area_type=0&year_end=-1&classification=non-industry&state=0&statistic=3&yearbegin=-1&unit_of_measure=levels#eyJhcHBpZCI6NzAsInN0ZXBzIjpbMSwyOSwyNSwzMSwyNiwzMCwzMF0sImRhdGEiOltbIm1ham9yX2FyZWEiLCIwIl0sWyJhcmVhIixbIlhYIl1dLFsieWVhciIsWyItMSJdXSxbInRhYmxlaWQiLCIyMSJdLFsieWVhcl9lbmQiLCItMSJdLFsic3RhdGUiLFsiMCJdXSxbInN0YXRpc3RpYyIsIjMiXSxbInllYXJiZWdpbiIsIi0xIl0sWyJ1bml0X29mX21lYXN1cmUiLCJMZXZlbHMiXV56,Oklahoma,1052,1106,1079,1201,1297,1373,1370,1425,1490,1543,1691,1741,1789,1811,1853,1907,2056,2209,2343,2519,2726,2954,3257,3522,3754,4237,4576,5116,5503,5993,6623,7517,8401,9489,10152,10473,11345,11866,12275,12200,12925,13738,14316,14788,15556,16018,16545,17097,17850,18589,19382,19691,21224,22501,23399,24712,26624,28666,31151,31738,35169,32982,34211,36064,38113,39541,41614,40010,38058,39773,41994,43969,46069,49846,52422,55465
41000,https://apps.bea.gov/iTable/?reqid=70&step=30&isuri=1&major_area=0&area=xx&year=-1&tableid=21&category=421&area_type=0&year_end=-1&classification=non-industry&state=0&statistic=3&yearbegin=-1&unit_of_measure=levels#eyJhcHBpZCI6NzAsInN0ZXBzIjpbMSwyOSwyNSwzMSwyNiwzMCwzMF0sImRhdGEiOltbIm1ham9yX2FyZWEiLCIwIl0sWyJhcmVhIixbIlhYIl1dLFsieWVhciIsWyItMSJdXSxbInRhYmxlaWQiLCIyMSJdLFsieWVhcl9lbmQiLCItMSJdLFsic3RhdGUiLFsiMCJdXSxbInN0YXRpc3RpYyIsIjMiXSxbInllYXJiZWdpbiIsIi0xIl0sWyJ1bml0X29mX21lYXN1cmUiLCJMZXZlbHMiXV57,Oregon,1502,1498,1544,1664,1725,1753,1725,1836,1892,1904,1923,2047,2083,2163,2249,2304,2451,2610,2747,2899,3085,3273,3564,3861,4197,4653,5144,5699,6233,6683,7418,8134,8853,9488,9803,10588,11450,11959,12470,12975,14144,14990,15959,16365,17098,17844,18660,19709,20737,21399,22307,22660,24061,24830,25326,26203,27506,28091,30073,31245,32286,31784,32252,33246,34724,34501,36391,38284,39294,41260,43771,45348,49763,54231,54096,58633
42000,https://apps.bea.gov/iTable/?reqid=70&step=30&isuri=1&major_area=0&area=xx&year=-1&tableid=21&category=421&area_type=0&year_end=-1&classification=non-industry&state=0&statistic=3&yearbegin=-1&unit_of_measure=levels#eyJhcHBpZCI6NzAsInN0ZXBzIjpbMSwyOSwyNSwzMSwyNiwzMCwzMF0sImRhdGEiOltbIm1ham9yX2FyZWEiLCIwIl0sWyJhcmVhIixbIlhYIl1dLFsieWVhciIsWyItMSJdXSxbInRhYmxlaWQiLCIyMSJdLFsieWVhcl9lbmQiLCItMSJdLFsic3RhdGUiLFsiMCJdXSxbInN0YXRpc3RpYyIsIjMiXSxbInllYXJiZWdpbiIsIi0xIl0sWyJ1bml0X29mX21lYXN1cmUiLCJMZXZlbHMiXV58,Pennsylvania,1302,1289,1424,1533,1579,1678,1646,1718,1836,1935,1942,2001,2049,2095,2180,2246,2412,2556,2726,2918,3132,3364,3630,3872,4132,4565,4996,5535,6021,6571,7224,7943,8720,9558,10310,10959,11843,12588,13252,13861,15076,16251,17218,17944,18792,19402,19946,20723,21599,22540,23633,24568,26217,27399,28464,29610,31322,32167,33405,35124,36510,36514,37915,39331,40795,40628,41927,43306,44543,45782,48397,49744,53843,56271,56292,60812
44000,https://apps.bea.gov/iTable/?reqid=70&step=30&isuri=1&major_area=0&area=xx&year=-1&tableid=21&category=421&area_type=0&year_end=-1&classification=non-industry&state=0&statistic=3&yearbegin=-1&unit_of_measure=levels#eyJhcHBpZCI6NzAsInN0ZXBzIjpbMSwyOSwyNSwzMSwyNiwzMCwzMF0sImRhdGEiOltbIm1ham9yX2FyZWEiLCIwIl0sWyJhcmVhIixbIlhYIl1dLFsieWVhciIsWyItMSJdXSxbInRhYmxlaWQiLCIyMSJdLFsieWVhcl9lbmQiLCItMSJdLFsic3RhdGUiLFsiMCJdXSxbInN0YXRpc3RpYyIsIjMiXSxbInllYXJiZWdpbiIsIi0xIl0sWyJ1bml0X29mX21lYXN1cmUiLCJMZXZlbHMiXV59,Rhode Island,1306,1302,1457,1584,1617,1715,1744,1815,1862,1893,1973,2086,2107,2189,2328,2416,2580,2755,2966,3193,3403,3554,3854,4030,4283,4569,4898,5468,5890,6427,6937,7632,8699,9641,10428,11306,12367,13216,13969,14565,16106,17450,17936,18117,18973,19698,20137,21180,21693,22622,23920,24718,26192,27497,29059,30638,32121,32674,34275,35784,36711,36857,38650,39412,40684,40014,41280,42422,42746,44563,46368,48915,52935,55493,55519,59820
45000,https://apps.bea.gov/iTable/?reqid=70&step=30&isuri=1&major_area=0&area=xx&year=-1&tableid=21&category=421&area_type=0&year_end=-1&classification=non-industry&state=0&statistic=3&yearbegin=-1&unit_of_measure=levels#eyJhcHBpZCI6NzAsInN0ZXBzIjpbMSwyOSwyNSwzMSwyNiwzMCwzMF0sImRhdGEiOltbIm1ham9yX2FyZWEiLCIwIl0sWyJhcmVhIixbIlhYIl1dLFsieWVhciIsWyItMSJdXSxbInRhYmxlaWQiLCIyMSJdLFsieWVhcl9lbmQiLCItMSJdLFsic3RhdGUiLFsiMCJdXSxbInN0YXRpc3RpYyIsIjMiXSxbInllYXJiZWdpbiIsIi0xIl0sWyJ1bml0X29mX21lYXN1cmUiLCJMZXZlbHMiXV60,South Carolina,872,833,886,1079,1135,1182,1128,1182,1209,1239,1271,1331,1371,1427,1512,1577,1697,1853,2043,2193,2391,2641,2912,3120,3368,3758,4144,4529,4926,5280,5848,6387,7065,7800,8302,8941,9889,10452,11047,11633,12637,13477,14297,14775,15528,16115,16854,17575,18359,19143,20157,20831,22092,22689,23564,24360,25394,26271,27621,28805,29877,29460,30132,31360,32672,32447,34166,35594,36518,38076,39509,41387,44014,47566,47586,51274
46000,https://apps.bea.gov/iTable/?reqid=70&step=30&isuri=1&major_area=0&area=xx&year=-1&tableid=21&category=421&area_type=0&year_end=-1&classification=non-industry&state=0&statistic=3&yearbegin=-1&unit_of_measure=levels#eyJhcHBpZCI6NzAsInN0ZXBzIjpbMSwyOSwyNSwzMSwyNiwzMCwzMF0sImRhdGEiOltbIm1ham9yX2FyZWEiLCIwIl0sWyJhcmVhIixbIlhYIl1dLFsieWVhciIsWyItMSJdXSxbInRhYmxlaWQiLCIyMSJdLFsieWVhcl9lbmQiLCItMSJdLFsic3RhdGUiLFsiMCJdXSxbInN0YXRpc3RpYyIsIjMiXSxbInllYXJiZWdpbiIsIi0xIl0sWyJ1bml0X29mX21lYXN1cmUiLCJMZXZlbHMiXV61,South Dakota,1413,1055,1233,1426,1255,1376,1408,1298,1369,1625,1669,1503,1803,1774,1993,1916,1922,2198,2394,2472,2633,2838,3126,3441,3940,4928,4861,5411,5246,6011,6880,7561,7516,8792,9201,9679,11042,11285,11822,12364,12899,13848,15114,15639,16666,17105,18315,18401,20270,20449,22009,22780,24167,24934,25237,27819,29673,31002,32046,35074,37495,36885,38533,41187,41368,41106,42543,43898,43858,45204,47529,50204,54793,61374,62963,66607
47000,https://apps.bea.gov/iTable/?reqid=70&step=30&isuri=1&major_area=0&area=xx&year=-1&tableid=21&category=421&area_type=0&year_end=-1&classification=non-industry&state=0&statistic=3&yearbegin=-1&unit_of_measure=levels#eyJhcHBpZCI6NzAsInN0ZXBzIjpbMSwyOSwyNSwzMSwyNiwzMCwzMF0sImRhdGEiOltbIm1ham9yX2FyZWEiLCIwIl0sWyJhcmVhIixbIlhYIl1dLFsieWVhciIsWyItMSJdXSxbInRhYmxlaWQiLCIyMSJdLFsieWVhcl9lbmQiLCItMSJdLFsic3RhdGUiLFsiMCJdXSxbInN0YXRpc3RpYyIsIjMiXSxbInllYXJiZWdpbiIsIi0xIl0sWyJ1bml0X29mX21lYXN1cmUiLCJMZXZlbHMiXV62,Tennessee,910,904,977,1053,1101,1190,1205,1249,1329,1384,1427,1504,1512,1584,1633,1730,1853,1996,2164,2302,2523,2692,2920,3190,3518,3946,4299,4671,5123,5586,6248,6843,7422,8205,8730,9316,10354,10970,11697,12394,13453,14293,15130,15753,16924,17682,18418,19389,20024,20825,22532,23131,24299,24727,25747,26828,28182,28889,29997,30900,32022,32241,33456,34933,36224,35962,36891,38278,39076,40605,42723,44981,47905,52422,53070,56938
48000,https://apps.bea.gov/iTable/?reqid=70&step=30&isuri=1&major_area=0&area=xx&year=-1&tableid=21&category=421&area_type=0&year_end=-1&classification=non-industry&state=0&statistic=3&yearbegin=-1&unit_of_measure=levels#eyJhcHBpZCI6NzAsInN0ZXBzIjpbMSwyOSwyNSwzMSwyNiwzMCwzMF0sImRhdGEiOltbIm1ham9yX2FyZWEiLCIwIl0sWyJhcmVhIixbIlhYIl1dLFsieWVhciIsWyItMSJdXSxbInRhYmxlaWQiLCIyMSJdLFsieWVhcl9lbmQiLCItMSJdLFsic3RhdGUiLFsiMCJdXSxbInN0YXRpc3RpYyIsIjMiXSxbInllYXJiZWdpbiIsIi0xIl0sWyJ1bml0X29mX21lYXN1cmUiLCJMZXZlbHMiXV63,Texas,1110,1219,1278,1375,1439,1477,1519,1590,1662,1725,1751,1820,1819,1884,1928,1990,2144,2278,2444,2637,2845,3073,3370,3611,3880,4320,4728,5332,5809,6285,7086,7830,8665,9794,10510,11142,12048,12779,12987,13099,13962,14704,15643,16136,17141,17722,18300,19125,20017,21271,22613,23430,24894,26251,26772,27668,28591,30093,31952,33161,35587,34410,35830,38142,39916,40035,42016,41983,41506,43629,46737,48325,50019,54385,55978,60147
49000,https://apps.bea.gov/iTable/?reqid=70&step=30&isuri=1&major_area=0&area=xx&year=-1&tableid=21&category=421&area_type=0&year_end=-1&classification=non-industry&state=0&statistic=3&yearbegin=-1&unit_of_measure=levels#eyJhcHBpZCI6NzAsInN0ZXBzIjpbMSwyOSwyNSwzMSwyNiwzMCwzMF0sImRhdGEiOltbIm1ham9yX2FyZWEiLCIwIl0sWyJhcmVhIixbIlhYIl1dLFsieWVhciIsWyItMSJdXSxbInRhYmxlaWQiLCIyMSJdLFsieWVhcl9lbmQiLCItMSJdLFsic3RhdGUiLFsiMCJdXSxbInN0YXRpc3RpYyIsIjMiXSxbInllYXJiZWdpbiIsIi0xIl0sWyJ1bml0X29mX21lYXN1cmUiLCJMZXZlbHMiXV64,Utah,1201,1218,1309,1475,1506,1513,1511,1591,1670,1776,1797,1859,1917,1972,2103,2146,2280,2381,2487,2592,2720,2895,3201,3495,3768,4070,4430,4854,5262,5733,6354,6876,7445,8107,8539,9048,9864,10400,10793,11132,11812,12570,13281,13949,14599,15195,15827,16721,17696,18590,19421,20079,21088,21841,22575,23274,24429,25631,27532,29017,30139,28956,29218,30757,32084,32226,33527,35376,36513,38189,40390,42594,45668,50459,51607,56039
50000,https://apps.bea.gov/iTable/?reqid=70&step=30&isuri=1&major_area=0&area=xx&year=-1&tableid=21&category=421&area_type=0&year_end=-1&classification=non-industry&state=0&statistic=3&yearbegin=-1&unit_of_measure=levels#eyJhcHBpZCI6NzAsInN0ZXBzIjpbMSwyOSwyNSwzMSwyNiwzMCwzMF0sImRhdGEiOltbIm1ham9yX2FyZWEiLCIwIl0sWyJhcmVhIixbIlhYIl1dLFsieWVhciIsWyItMSJdXSxbInRhYmxlaWQiLCIyMSJdLFsieWVhcl9lbmQiLCItMSJdLFsic3RhdGUiLFsiMCJdXSxbInN0YXRpc3RpYyIsIjMiXSxbInllYXJiZWdpbiIsIi0xIl0sWyJ1bml0X29mX21lYXN1cmUiLCJMZXZlbHMiXV65,Vermont,1132,1072,1108,1249,1278,1332,1373,1421,1530,1601,1615,1697,1781,1855,1933,1963,2110,2297,2513,2654,2844,3019,3265,3570,3797,4168,4469,4857,5356,5679,6417,7056,7785,8655,9427,10089,11023,11824,12566,13304,14420,15652,16101,16436,17492,18000,18698,19514,20251,21179,22612,23679,25326,27003,27918,29276,30854,31046,32677,34273,36434,37041,38042,39630,40749,40743,42097,43061,43613,44736,46468,48556,52298,53788,55217,59456
51000,https://apps.bea.gov/iTable/?reqid=70&step=30&isuri=1&major_area=0&area=xx&year=-1&tableid=21&category=421&area_type=0&year_end=-1&classification=non-industry&state=0&statistic=3&yearbegin=-1&unit_of_measure=levels#eyJhcHBpZCI6NzAsInN0ZXBzIjpbMSwyOSwyNSwzMSwyNiwzMCwzMF0sImRhdGEiOltbIm1ham9yX2FyZWEiLCIwIl0sWyJhcmVhIixbIlhYIl1dLFsieWVhciIsWyItMSJdXSxbInRhYmxlaWQiLCIyMSJdLFsieWVhcl9lbmQiLCItMSJdLFsic3RhdGUiLFsiMCJdXSxbInN0YXRpc3RpYyIsIjMiXSxbInllYXJiZWdpbiIsIi0xIl0sWyJ1bml0X29mX21lYXN1cmUiLCJMZXZlbHMiXV66,Virginia,1114,1104,1238,1389,1461,1492,1529,1598,1652,1686,1718,1813,1837,1911,2010,2097,2312,2453,2608,2815,3057,3361,3633,3975,4286,4752,5150,5688,6147,6675,7427,8204,9193,10098,10891,11715,12916,13710,14553,15227,16532,17560,18256,18894,19772,20428,21160,21948,22646,23749,24829,25999,27760,28945,30199,31960,33753,35100,36802,38329,39567,39467,40560,41937,43457,42195,43523,44893,45808,47379,49075,50771,53828,58215,59165,64506
53000,https://apps.bea.gov/iTable/?reqid=70&step=30&isuri=1&major_area=0&area=xx&year=-1&tableid=21&category=421&area_type=0&year_end=-1&classification=non-industry&state=0&statistic=3&yearbegin=-1&unit_of_measure=levels#eyJhcHBpZCI6NzAsInN0ZXBzIjpbMSwyOSwyNSwzMSwyNiwzMCwzMF0sImRhdGEiOltbIm1ham9yX2FyZWEiLCIwIl0sWyJhcmVhIixbIlhYIl1dLFsieWVhciIsWyItMSJdXSxbInRhYmxlaWQiLCIyMSJdLFsieWVhcl9lbmQiLCItMSJdLFsic3RhdGUiLFsiMCJdXSxbInN0YXRpc3RpYyIsIjMiXSxbInllYXJiZWdpbiIsIi0xIl0sWyJ1bml0X29mX21lYXN1cmUiLCJMZXZlbHMiXV67,Washington,1532,1534,1667,1757,1837,1944,1981,2018,2059,2147,2133,2238,2285,2374,2501,2544,2711,2905,3149,3307,3549,3755,3957,4171,4452,4953,5512,6145,6655,7206,8052,8909,9785,10624,11395,12236,13011,13636,14417,14827,15890,16985,18024,18955,19945,20561,21153,21897,22957,24000,25570,26365,28072,28962,29862,31129,33205,33652,35701,37954,39703,38458,38886,40143,42763,42638,45011,46598,48087,50465,53422,56496,60442,64824,64899,71225
54000,https://apps.bea.gov/iTable/?reqid=70&step=30&isuri=1&major_area=0&area=xx&year=-1&tableid=21&category=421&area_type=0&year_end=-1&classification=non-industry&state=0&statistic=3&yearbegin=-1&unit_of_measure=levels#eyJhcHBpZCI6NzAsInN0ZXBzIjpbMSwyOSwyNSwzMSwyNiwzMCwzMF0sImRhdGEiOltbIm1ham9yX2FyZWEiLCIwIl0sWyJhcmVhIixbIlhYIl1dLFsieWVhciIsWyItMSJdXSxbInRhYmxlaWQiLCIyMSJdLFsieWVhcl9lbmQiLCItMSJdLFsic3RhdGUiLFsiMCJdXSxbInN0YXRpc3RpYyIsIjMiXSxbInllYXJiZWdpbiIsIi0xIl0sWyJ1bml0X29mX21lYXN1cmUiLCJMZXZlbHMiXV68,West Virginia,1021,952,983,1085,1117,1153,1114,1198,1333,1428,1448,1478,1491,1533,1619,1697,1831,1973,2092,2227,2344,2487,2800,3049,3312,3631,3959,4423,4805,5306,5879,6450,7022,7658,8179,8477,9227,9717,10117,10463,11442,12179,13072,13645,14692,15147,15723,16197,16813,17523,18276,18782,19902,21181,22254,22681,23522,24407,25892,26681,28305,28992,29891,31223,32103,31766,32753,33459,33584,35262,37448,38823,41231,44632,44999,48076
55000,https://apps.bea.gov/iTable/?reqid=70&step=30&isuri=1&major_area=0&area=xx&year=-1&tableid=21&category=421&area_type=0&year_end=-1&classification=non-industry&state=0&statistic=3&yearbegin=-1&unit_of_measure=levels#eyJhcHBpZCI6NzAsInN0ZXBzIjpbMSwyOSwyNSwzMSwyNiwzMCwzMF0sImRhdGEiOltbIm1ham9yX2FyZWEiLCIwIl0sWyJhcmVhIixbIlhYIl1dLFsieWVhciIsWyItMSJdXSxbInRhYmxlaWQiLCIyMSJdLFsieWVhcl9lbmQiLCItMSJdLFsic3RhdGUiLFsiMCJdXSxbInN0YXRpc3RpYyIsIjMiXSxbInllYXJiZWdpbiIsIi0xIl0sWyJ1bml0X29mX21lYXN1cmUiLCJMZXZlbHMiXV69,Wisconsin,1312,1280,1394,1571,1607,1638,1610,1691,1787,1846,1866,1991,2003,2061,2146,2174,2336,2477,2654,2759,2991,3218,3469,3748,4019,4478,4870,5358,5828,6452,7117,7931,8716,9419,10026,10675,11723,12331,12987,13509,14298,15446,16159,16649,17729,18398,19309,20064,20884,21914,23210,23981,25421,26711,27822,28660,29863,30420,31848,33106,34281,34485,35286,36714,38163,37806,39199,40512,40985,42755,44955,46369,49618,53762,53940,57829
56000,https://apps.bea.gov/iTable/?reqid=70&step=30&isuri=1&major_area=0&area=xx&year=-1&tableid=21&category=421&area_type=0&year_end=-1&classification=non-industry&state=0&statistic=3&yearbegin=-1&unit_of_measure=levels#eyJhcHBpZCI6NzAsInN0ZXBzIjpbMSwyOSwyNSwzMSwyNiwzMCwzMF0sImRhdGEiOltbIm1ham9yX2FyZWEiLCIwIl0sWyJhcmVhIixbIlhYIl1dLFsieWVhciIsWyItMSJdXSxbInRhYmxlaWQiLCIyMSJdLFsieWVhcl9lbmQiLCItMSJdLFsic3RhdGUiLFsiMCJdXSxbInN0YXRpc3RpYyIsIjMiXSxbInllYXJiZWdpbiIsIi0xIl0sWyJ1bml0X29mX21lYXN1cmUiLCJMZXZlbHMiXV70,Wyoming,1497,1585,1671,1836,1784,1804,1761,1825,1902,2017,2049,2123,2138,2223,2319,2327,2445,2574,2692,2871,3030,3285,3600,3954,4408,4987,5554,6118,6466,7254,8254,9054,10111,11076,11468,11488,12194,12873,13064,12949,13579,14933,16281,16963,17641,18332,18856,19565,19889,21223,22463,23898,25465,27252,28577,30592,32744,34859,38507,39925,43653,40914,42254,45973,47751,46955,50073,50083,48094,50609,53616,55690,58210,62202,65704,72699
91000,https://apps.bea.gov/iTable/?reqid=70&step=30&isuri=1&major_area=0&area=xx&year=-1&tableid=21&category=421&area_type=0&year_end=-1&classification=non-industry&state=0&statistic=3&yearbegin=-1&unit_of_measure=levels#eyJhcHBpZCI6NzAsInN0ZXBzIjpbMSwyOSwyNSwzMSwyNiwzMCwzMF0sImRhdGEiOltbIm1ham9yX2FyZWEiLCIwIl0sWyJhcmVhIixbIlhYIl1dLFsieWVhciIsWyItMSJdXSxbInRhYmxlaWQiLCIyMSJdLFsieWVhcl9lbmQiLCItMSJdLFsic3RhdGUiLFsiMCJdXSxbInN0YXRpc3RpYyIsIjMiXSxbInllYXJiZWdpbiIsIi0xIl0sWyJ1bml0X29mX21lYXN1cmUiLCJMZXZlbHMiXV71,New England,1375,1357,1502,1636,1696,1764,1784,1891,2007,2100,2084,2168,2219,2311,2414,2476,2646,2794,2982,3192,3382,3656,3961,4237,4491,4904,5303,5791,6227,6776,7451,8238,9264,10225,11175,12146,13548,14438,15397,16388,18140,19282,19836,20240,21300,21909,22698,23713,24584,25642,27076,28398,30601,32334,33511,34462,36201,37168,39574,41234,43482,44449,45805,46707,47823,46522,48062,50016,51549,53430,56092,58393,62360,65897,65849,71982
92000,https://apps.bea.gov/iTable/?reqid=70&step=30&isuri=1&major_area=0&area=xx&year=-1&tableid=21&category=421&area_type=0&year_end=-1&classification=non-industry&state=0&statistic=3&yearbegin=-1&unit_of_measure=levels#eyJhcHBpZCI6NzAsInN0ZXBzIjpbMSwyOSwyNSwzMSwyNiwzMCwzMF0sImRhdGEiOltbIm1ham9yX2FyZWEiLCIwIl0sWyJhcmVhIixbIlhYIl1dLFsieWVhciIsWyItMSJdXSxbInRhYmxlaWQiLCIyMSJdLFsieWVhcl9lbmQiLCItMSJdLFsic3RhdGUiLFsiMCJdXSxbInN0YXRpc3RpYyIsIjMiXSxbInllYXJiZWdpbiIsIi0xIl0sWyJ1bml0X29mX21lYXN1cmUiLCJMZXZlbHMiXV72,Mideast,1480,1472,1602,1705,1753,1841,1853,1939,2054,2148,2165,2251,2319,2383,2488,2569,2758,2906,3088,3290,3550,3753,4078,4399,4679,5104,5535,6085,6518,7062,7747,8468,9416,10359,11202,12120,13288,14120,14977,15723,17336,18579,19779,20159,21189,21678,22256,23249,24176,25212,26476,27571,29537,30543,31739,32703,34236,35071,36949,38831,40062,40560,41742,43054,44517,43892,45186,46644,48252,50433,52514,54347,58148,61402,60933,66579
93000,https://apps.bea.gov/iTable/?reqid=70&step=30&isuri=1&major_area=0&area=xx&year=-1&tableid=21&category=421&area_type=0&year_end=-1&classification=non-industry&state=0&statistic=3&yearbegin=-1&unit_of_measure=levels#eyJhcHBpZCI6NzAsInN0ZXBzIjpbMSwyOSwyNSwzMSwyNiwzMCwzMF0sImRhdGEiOltbIm1ham9yX2FyZWEiLCIwIl0sWyJhcmVhIixbIlhYIl1dLFsieWVhciIsWyItMSJdXSxbInRhYmxlaWQiLCIyMSJdLFsieWVhcl9lbmQiLCItMSJdLFsic3RhdGUiLFsiMCJdXSxbInN0YXRpc3RpYyIsIjMiXSxbInllYXJiZWdpbiIsIi0xIl0sWyJ1bml0X29mX21lYXN1cmUiLCJMZXZlbHMiXV73,Great Lakes,1449,1391,1536,1675,1720,1834,1801,1904,1990,2040,2023,2128,2173,2220,2323,2401,2578,2763,2943,3056,3272,3495,3688,3992,4279,4794,5177,5658,6149,6760,7432,8131,8860,9632,10263,10883,12043,12739,13431,13927,15001,16010,16864,17215,18333,18911,19855,20711,21563,22503,23698,24527,26037,26900,27692,28576,29676,30272,31559,32703,33900,33536,34435,35872,37245,37298,38702,40161,40907,42436,44577,45933,49576,53285,53273,57344
94000,https://apps.bea.gov/iTable/?reqid=70&step=30&isuri=1&major_area=0&area=xx&year=-1&tableid=21&category=421&area_type=0&year_end=-1&classification=non-industry&state=0&statistic=3&yearbegin=-1&unit_of_measure=levels#eyJhcHBpZCI6NzAsInN0ZXBzIjpbMSwyOSwyNSwzMSwyNiwzMCwzMF0sImRhdGEiOltbIm1ham9yX2FyZWEiLCIwIl0sWyJhcmVhIixbIlhYIl1dLFsieWVhciIsWyItMSJdXSxbInRhYmxlaWQiLCIyMSJdLFsieWVhcl9lbmQiLCItMSJdLFsic3RhdGUiLFsiMCJdXSxbInN0YXRpc3RpYyIsIjMiXSxbInllYXJiZWdpbiIsIi0xIl0sWyJ1bml0X29mX21lYXN1cmUiLCJMZXZlbHMiXV74,Plains,1347,1228,1365,1456,1524,1533,1598,1599,1657,1768,1867,1889,1942,1996,2117,2190,2303,2515,2673,2788,3000,3210,3489,3772,4092,4789,4973,5505,5818,6385,7171,7813,8390,9431,10048,10668,11950,12580,13209,13748,14407,15422,16222,16742,17763,18120,19150,19812,21028,21813,23007,23763,25191,26081,26999,28313,29780,30364,31767,33375,35398,35092,36040,38016,39710,39445,40715,41614,41973,43261,45379,46811,50190,54503,56015,59921
95000,https://apps.bea.gov/iTable/?reqid=70&step=30&isuri=1&major_area=0&area=xx&year=-1&tableid=21&category=421&area_type=0&year_end=-1&classification=non-industry&state=0&statistic=3&yearbegin=-1&unit_of_measure=levels#eyJhcHBpZCI6NzAsInN0ZXBzIjpbMSwyOSwyNSwzMSwyNiwzMCwzMF0sImRhdGEiOltbIm1ham9yX2FyZWEiLCIwIl0sWyJhcmVhIixbIlhYIl1dLFsieWVhciIsWyItMSJdXSxbInRhYmxlaWQiLCIyMSJdLFsieWVhcl9lbmQiLCItMSJdLFsic3RhdGUiLFsiMCJdXSxbInN0YXRpc3RpYyIsIjMiXSxbInllYXJiZWdpbiIsIi0xIl0sWyJ1bml0X29mX21lYXN1cmUiLCJMZXZlbHMiXV75,Southeast,943,923,1000,1112,1169,1227,1230,1312,1385,1426,1478,1547,1565,1626,1700,1787,1920,2054,2214,2381,2585,2826,3095,3362,3653,4084,4439,4864,5281,5750,6399,7025,7775,8635,9193,9878,10896,11512,12133,12698,13788,14769,15559,16143,17048,17680,18391,19233,19962,20748,21883,22587,23857,24755,25695,26821,28277,29404,30966,32122,33061,32581,33548,34665,35766,35226,36710,37988,38805,40345,42401,44223,47136,51258,51712,55908
96000,https://apps.bea.gov/iTable/?reqid=70&step=30&isuri=1&major_area=0&area=xx&year=-1&tableid=21&category=421&area_type=0&year_end=-1&classification=non-industry&state=0&statistic=3&yearbegin=-1&unit_of_measure=levels#eyJhcHBpZCI6NzAsInN0ZXBzIjpbMSwyOSwyNSwzMSwyNiwzMCwzMF0sImRhdGEiOltbIm1ham9yX2FyZWEiLCIwIl0sWyJhcmVhIixbIlhYIl1dLFsieWVhciIsWyItMSJdXSxbInRhYmxlaWQiLCIyMSJdLFsieWVhcl9lbmQiLCItMSJdLFsic3RhdGUiLFsiMCJdXSxbInN0YXRpc3RpYyIsIjMiXSxbInllYXJiZWdpbiIsIi0xIl0sWyJ1bml0X29mX21lYXN1cmUiLCJMZXZlbHMiXV76,Southwest,1106,1194,1234,1348,1419,1464,1494,1561,1634,1696,1748,1813,1826,1883,1928,1985,2134,2264,2420,2600,2817,3052,3356,3615,3884,4325,4712,5276,5723,6199,6960,7725,8566,9635,10294,10911,11815,12524,12829,12963,13791,14522,15337,15831,16722,17290,17892,18679,19494,20590,21800,22490,23914,25163,25821,26814,27967,29485,31396,32510,34644,33434,34593,36563,38190,38399,40264,40343,40067,42050,44815,46531,48775,52968,54518,58579
97000,https://apps.bea.gov/iTable/?reqid=70&step=30&isuri=1&major_area=0&area=xx&year=-1&tableid=21&category=421&area_type=0&year_end=-1&classification=non-industry&state=0&statistic=3&yearbegin=-1&unit_of_measure=levels#eyJhcHBpZCI6NzAsInN0ZXBzIjpbMSwyOSwyNSwzMSwyNiwzMCwzMF0sImRhdGEiOltbIm1ham9yX2FyZWEiLCIwIl0sWyJhcmVhIixbIlhYIl1dLFsieWVhciIsWyItMSJdXSxbInRhYmxlaWQiLCIyMSJdLFsieWVhcl9lbmQiLCItMSJdLFsic3RhdGUiLFsiMCJdXSxbInN0YXRpc3RpYyIsIjMiXSxbInllYXJiZWdpbiIsIi0xIl0sWyJ1bml0X29mX21lYXN1cmUiLCJMZXZlbHMiXV77,Rocky Mountain,1348,1319,1430,1610,1657,1625,1618,1703,1775,1886,1923,1980,2021,2072,2201,2241,2364,2518,2637,2762,2921,3177,3530,3834,4174,4630,5079,5551,5957,6429,7217,7859,8724,9642,10206,10906,11716,12247,12682,13004,13801,14787,15572,16216,17017,17814,18450,19420,20273,21094,22474,23341,24944,25983,26645,27475,28649,29815,31626,33004,34304,33125,33621,35482,36985,37542,39561,40663,40837,42982,45776,48265,51448,56252,58272,62821
98000,https://apps.bea.gov/iTable/?reqid=70&step=30&isuri=1&major_area=0&area=xx&year=-1&tableid=21&category=421&area_type=0&year_end=-1&classification=non-industry&state=0&statistic=3&yearbegin=-1&unit_of_measure=levels#eyJhcHBpZCI6NzAsInN0ZXBzIjpbMSwyOSwyNSwzMSwyNiwzMCwzMF0sImRhdGEiOltbIm1ham9yX2FyZWEiLCIwIl0sWyJhcmVhIixbIlhYIl1dLFsieWVhciIsWyItMSJdXSxbInRhYmxlaWQiLCIyMSJdLFsieWVhcl9lbmQiLCItMSJdLFsic3RhdGUiLFsiMCJdXSxbInN0YXRpc3RpYyIsIjMiXSxbInllYXJiZWdpbiIsIi0xIl0sWyJ1bml0X29mX21lYXN1cmUiLCJMZXZlbHMiXV78,Far West *,1602,1615,1743,1893,1988,2048,2047,2154,2251,2316,2336,2456,2513,2574,2683,2768,2962,3109,3315,3493,3744,4006,4327,4596,4905,5377,5906,6529,7050,7607,8410,9275,10270,11263,11923,12685,13722,14418,15114,15625,16793,17562,18459,19064,19946,20333,20856,21654,22517,23275,24700,25620,27243,28385,29448,30709,32329,33325,35424,36715,37400,36915,37863,39335,41218,40801,42840,45029,46651,48717,51074,53795,58467,62763,61554,67723